Case-ID,CHROM,POS,ID,REF,ALT,QUAL,FILTER,INFO,ENSGene,Gene,Ensembl_x,symbol,name,From,To,NP,Ensembl_y,Count,EnsemblID,copy_number,SEQ,EV,INT
case-02,chr1,13268,.,G,A,.,PASS,"""ACGTNacgtnMINUS=0,11,0,161,0,0,2,0,17,0;ACGTNacgtnPLUS=0,11,0,145,0,0,1,0,21,0;ECNT=1;HCNT=14;MAX_ED=.;MIN_ED=.;NLOD=122.10;TLOD=14.30;CSQ=C|missense_variant|MODERATE|FO538757.2|ENSG00000279457|Transcript|ENST00000624735|protein_coding|12/15||ENST00000624735.1:c.1171A>G|ENSP00000485351.1:p.Met391Val|1407/1604|1171/1368|391/455|M/V|Atg/Gtg||1||-1|||SNV|1|Clone_based_ensembl_gene|||5|||ENSP00000485351||A0A096LP26|UPI000514C5C7|||tolerated(1)|benign(0)|Coiled-coils_(Ncoils):ncoils&PROSITE_profiles:PS51082||||||||||||||||||||||||||||,C|downstream_gene_variant|MODIFIER|MIR6859-4|ENSG00000273874|Transcript|ENST00000612080|miRNA|||||-/68||||||1|1526|-1|||SNV|1|HGNC|HGNC:50840|YES|||||||||||||||||||||||||||||||||||||||103504738|,C|downstream_gene_variant|MODIFIER|FO538757.3|ENSG00000279928|Transcript|ENST00000624431|protein_coding|||||-/718|-/402|-/133||||1|2207|1||1|SNV|1|Clone_based_ensembl_gene||YES|1|||ENSP00000485457||A0A096LP88|UPI000514C5E1||||||||||||||||||||||||||||||||102725121|,C|missense_variant|MODERATE|FO538757.2|ENSG00000279457|Transcript|ENST00000623083|protein_coding|9/11||ENST00000623083.2:c.1144A>G|ENSP00000485442.1:p.Met382Val|1144/1687|1144/1395|382/464|M/V|Atg/Gtg||1||-1|||SNV|1|Clone_based_ensembl_gene||YES|5|||ENSP00000485442||A0A096LP75|UPI000514C5DF|||tolerated(1)|benign(0)|Coiled-coils_(Ncoils):ncoils&PROSITE_profiles:PS51082||||||||||||||||||||||||||||,C|intron_variant|MODIFIER|FO538757.2|ENSG00000279457|Transcript|ENST00000623834|protein_coding||8/9|ENST00000623834.2:c.878-806A>G||-/1374|-/1080|-/359||||1||-1|||SNV|1|Clone_based_ensembl_gene|||5|||ENSP00000485222||A0A096LNU2|UPI000514C5D6|||||||||||||||||||||||||||||||||,C|regulatory_region_variant|MODIFIER|||RegulatoryFeature|ENSR00001740146|promoter_flanking_region|||||||||||1|||||SNV|1|||||||||||||||||||||||||||||||||||||||||||,C|regulatory_region_variant|MODIFIER|||RegulatoryFeature|ENSR00001576088|CTCF_binding_site|||||||||||1|||||SNV|1|||||||||||||||||||||||||||||||||||||||||||""",ENSG00000279457,WASH9P,ENSG00000279457,WASH9P,"WAS protein family homolog 9, pseudogene",,,nan,,,,,,,
case-02,chr2,73202784,.,C,G,.,alt_allele_in_normal,"""ACGTNacgtnMINUS=0,37,14,0,0,0,27,18,0,0;ACGTNacgtnPLUS=0,38,19,0,0,0,38,10,0,0;ECNT=1;HCNT=24;MAX_ED=.;MIN_ED=.;NLOD=32.48;TLOD=139.07;CSQ=G|missense_variant|MODERATE|NOTO|ENSG00000214513|Transcript|ENST00000398468|protein_coding|1/3||ENST00000398468.3:c.118C>G|ENSP00000381486.3:p.Arg40Gly|527/2749|118/756|40/251|R/G|Cgc/Ggc||1||1||1|SNV|1|HGNC|HGNC:31839|YES|2||CCDS46335.1|ENSP00000381486|A8MTQ0||UPI0000198CC1|NM_001134462.1||tolerated(0.08)|benign(0.188)|PROSITE_profiles:PS50099|||||||||||||||||||||||||||344022|,G|regulatory_region_variant|MODIFIER|||RegulatoryFeature|ENSR00001928428|promoter_flanking_region|||||||||||1|||||SNV|1|||||||||||||||||||||||||||||||||||||||||||""",ENSG00000214513,NOTO,ENSG00000214513,NOTO,notochord homeobox,A8MTQ0,ENSG00000214513,NP_001127934.1,,,,,,,
case-02,chr3,75665682,.,G,A,.,PASS,"""ACGTNacgtnMINUS=4,0,117,0,0,1,0,89,0,0;ACGTNacgtnPLUS=3,0,139,0,0,1,0,79,0,0;ECNT=1;HCNT=14;MAX_ED=.;MIN_ED=.;NLOD=127.92;TLOD=17.86;CSQ=A|missense_variant|MODERATE|FRG2C|ENSG00000172969|Transcript|ENST00000308062|protein_coding|4/4||ENST00000308062.6:c.490G>A|ENSP00000312299.3:p.Ala164Thr|540/2078|490/849|164/282|A/T|Gcc/Acc||1||1||1|SNV|1|HGNC|HGNC:33626|YES|5||CCDS43108.1|ENSP00000312299|A6NGY1||UPI0000160BC9|NM_001124759.1||deleterious(0.04)|benign(0.003)||||||||||||||||||||||||||||100288801|,A|missense_variant|MODERATE|FRG2C|ENSG00000172969|Transcript|ENST00000464571|protein_coding|4/4||ENST00000464571.1:c.487G>A|ENSP00000419432.1:p.Ala163Thr|537/2075|487/846|163/281|A/T|Gcc/Acc||1||1|||SNV|1|HGNC|HGNC:33626||1|||ENSP00000419432||C9JUX3|UPI000049DFAA|||deleterious(0.05)|benign(0.003)||||||||||||||||||||||||||||100288801|,A|upstream_gene_variant|MODIFIER|DUX4L26|ENSG00000236138|Transcript|ENST00000489078|processed_pseudogene|||||-/1255||||||1|3249|1|||SNV|1|HGNC|HGNC:50807|YES|||||||||||||||||||||||||||||||||||||||100996350|""",ENSG00000172969,FRG2C,ENSG00000172969,FRG2C,FSHD region gene 2 family member C,A6NGY1,ENSG00000172969,NP_001118231.1,,,,,,,
case-02,chr4,766067,.,G,A,.,alt_allele_in_normal,"""ACGTNacgtnMINUS=6,0,16,0,0,5,0,18,0,0;ACGTNacgtnPLUS=6,0,24,0,0,7,0,16,0,0;ECNT=1;HCNT=1;MAX_ED=.;MIN_ED=.;NLOD=33.61;TLOD=59.88;CSQ=A|missense_variant|MODERATE|PCGF3|ENSG00000185619|Transcript|ENST00000362003|protein_coding|11/11||ENST00000362003.8:c.717G>A|ENSP00000354724.5:p.Met239Ile|1112/5685|717/729|239/242|M/I|atG/atA||1||1||1|SNV|1|HGNC|HGNC:10066|YES|5||CCDS3339.2|ENSP00000354724|Q3KNV8||UPI00001A9628|NM_006315.4||tolerated(1)|benign(0.005)||||||||||||||||||||||||||||10336|,A|upstream_gene_variant|MODIFIER|AC139887.4|ENSG00000233799|Transcript|ENST00000454037|antisense|||||-/286||||||1|993|-1|||SNV|1|Clone_based_vega_gene||YES|5|||||||||||||||||||||||||||||||||||||||,A|intron_variant&non_coding_transcript_variant|MODIFIER|RP11-440L14.1|ENSG00000249592|Transcript|ENST00000503571|antisense||1/1|ENST00000503571.4:n.79-3228C>T||-/531||||||1||-1|||SNV|1|Clone_based_vega_gene|||4||||||||||||||||||||||||||||||||||||||100129917|,A|upstream_gene_variant|MODIFIER|PCGF3|ENSG00000185619|Transcript|ENST00000620529|protein_coding|||||-/1899|-/399|-/132||||1|2122|1|||SNV|1|HGNC|HGNC:10066|||||ENSP00000479441||A0A087WVH5|UPI00001B0071||||||||||||||||||||||||||||||||10336|,A|downstream_gene_variant|MODIFIER|PCGF3|ENSG00000185619|Transcript|ENST00000488032|processed_transcript|||||-/263||||||1|4703|1|||SNV|1|HGNC|HGNC:10066||4||||||||||||||||||||||||||||||||||||||10336|,A|downstream_gene_variant|MODIFIER|RP11-440L14.1|ENSG00000249592|Transcript|ENST00000507446|antisense|||||-/534||||||1|1074|-1|||SNV|1|Clone_based_vega_gene|||4||||||||||||||||||||||||||||||||||||||100129917|,A|missense_variant|MODERATE|PCGF3|ENSG00000185619|Transcript|ENST00000505655|protein_coding|9/9||ENST00000505655.2:c.717G>A|ENSP00000423393.2:p.Met239Ile|761/1725|717/729|239/242|M/I|atG/atA||1||1|||SNV|1|HGNC|HGNC:10066||1||CCDS3339.2|ENSP00000423393|Q3KNV8||UPI00001A9628|||tolerated(1)|benign(0.005)||||||||||||||||||||||||||||10336|,A|3_prime_UTR_variant&NMD_transcript_variant|MODIFIER|PCGF3|ENSG00000185619|Transcript|ENST00000430644|nonsense_mediated_decay|11/11||ENST00000430644.4:c.*1416G>A||2089/2621|-/345|-/114||||1||1|||SNV|1|HGNC|HGNC:10066||2|||ENSP00000402946||F2Z3P3|UPI000020B973||||||||||||||||||||||||||||||||10336|,A|3_prime_UTR_variant&NMD_transcript_variant|MODIFIER|PCGF3|ENSG00000185619|Transcript|ENST00000440452|nonsense_mediated_decay|12/13||ENST00000440452.4:c.*1419G>A||2080/3609|-/345|-/114||||1||1|||SNV|1|HGNC|HGNC:10066||2|||ENSP00000405840||F2Z3P3|UPI000020B973||||||||||||||||||||||||||||||||10336|,A|missense_variant|MODERATE|PCGF3|ENSG00000185619|Transcript|ENST00000470161|protein_coding|11/11||ENST00000470161.5:c.717G>A|ENSP00000420489.2:p.Met239Ile|1111/1652|717/729|239/242|M/I|atG/atA||1||1|||SNV|1|HGNC|HGNC:10066||1||CCDS3339.2|ENSP00000420489|Q3KNV8||UPI00001A9628|||tolerated(1)|benign(0.005)||||||||||||||||||||||||||||10336|""",ENSG00000185619,PCGF3,ENSG00000185619,PCGF3,polycomb group ring finger 3,Q3KNV8,ENSG00000185619,NP_001304765.1,,,,,,,
case-02,chr5,3600665,.,C,A,.,PASS,"""ACGTNacgtnMINUS=12,45,0,0,0,11,39,0,0,0;ACGTNacgtnPLUS=13,45,0,0,0,8,42,0,0,0;ECNT=1;HCNT=2;MAX_ED=.;MIN_ED=.;NLOD=34.87;TLOD=104.23;CSQ=A|missense_variant|MODERATE|IRX1|ENSG00000170549|Transcript|ENST00000302006|protein_coding|3/4||ENST00000302006.3:c.1369C>A|ENSP00000305244.3:p.Gln457Lys|1421/1858|1369/1443|457/480|Q/K|Cag/Aag||1||1||1|SNV|1|HGNC|HGNC:14358|YES|1||CCDS34132.1|ENSP00000305244|P78414||UPI00001B6455|NM_024337.3||deleterious(0.04)|benign(0.004)|PROSITE_profiles:PS50099|||||||||||||||||||||||||||79192|,A|upstream_gene_variant|MODIFIER|CTD-2012M11.3|ENSG00000259603|Transcript|ENST00000559410|antisense|||||-/383||||||1|477|-1|||SNV|1|Clone_based_vega_gene||YES|3|||||||||||||||||||||||||||||||||||||||,A|regulatory_region_variant|MODIFIER|||RegulatoryFeature|ENSR00002022674|promoter|||||||||||1|||||SNV|1|||||||||||||||||||||||||||||||||||||||||||""",ENSG00000170549,IRX1,ENSG00000170549,IRX1,iroquois homeobox 1,P78414,ENSG00000170549,NP_077313.3,,,,,,,
case-02,chr6,37658326,rs760270151,T,C,.,alt_allele_in_normal,"""ACGTNacgtnMINUS=0,2,0,12,0,0,3,0,3,0;ACGTNacgtnPLUS=0,3,0,8,0,0,7,0,5,0;DB;ECNT=1;HCNT=1;MAX_ED=.;MIN_ED=.;NLOD=11.94;TLOD=35.98;CSQ=C|missense_variant|MODERATE|MDGA1|ENSG00000112139|Transcript|ENST00000508399|protein_coding|2/3||ENST00000508399.1:c.133A>G|ENSP00000427645.1:p.Thr45Ala|444/542|133/231|45/77|T/A|Acg/Gcg|rs760270151|1||-1|cds_end_NF||SNV|1|HGNC|HGNC:19267||4|||ENSP00000427645||D6RHU8|UPI0001D3BA8C|||tolerated(0.9)|benign(0.185)|Pfam_domain:PF07679&PROSITE_profiles:PS50835&SMART_domains:SM00408&Superfamily_domains:SSF48726||||||||||C:8.260e-06|C:0|C:0|C:0|C:0|C:0|C:0|C:0|C:0|||||||||266727|E_ExAC,C|missense_variant|MODERATE|MDGA1|ENSG00000112139|Transcript|ENST00000505425|protein_coding|3/16||ENST00000505425.4:c.301A>G|ENSP00000422042.1:p.Thr101Ala|301/3021|301/2922|101/973|T/A|Acg/Gcg|rs760270151|1||-1|||SNV|1|HGNC|HGNC:19267||5|||ENSP00000422042|Q8NFP4||UPI0000351A0D|||tolerated(0.98)|benign(0.163)|Pfam_domain:PF07679&PROSITE_profiles:PS50835&SMART_domains:SM00409&SMART_domains:SM00408&Superfamily_domains:SSF48726||||||||||C:8.260e-06|C:0|C:0|C:0|C:0|C:0|C:0|C:0|C:0|||||||||266727|E_ExAC,C|non_coding_transcript_exon_variant&non_coding_transcript_variant|MODIFIER|MDGA1|ENSG00000112139|Transcript|ENST00000478143|retained_intron|2/6||ENST00000478143.2:n.117A>G||117/2430|||||rs760270151|1||-1|||SNV|1|HGNC|HGNC:19267||2|||||||||||||||||||||C:8.260e-06|C:0|C:0|C:0|C:0|C:0|C:0|C:0|C:0|||||||||266727|E_ExAC,C|missense_variant|MODERATE|MDGA1|ENSG00000112139|Transcript|ENST00000515437|protein_coding|3/4||ENST00000515437.4:c.133A>G|ENSP00000421510.1:p.Thr45Ala|339/594|133/388|45/129|T/A|Acg/Gcg|rs760270151|1||-1|cds_end_NF||SNV|1|HGNC|HGNC:19267||4|||ENSP00000421510||D6RFG6|UPI0001D3BA8B|||tolerated(0.58)|benign(0.185)|Pfam_domain:PF07679&PROSITE_profiles:PS50835&SMART_domains:SM00408&Superfamily_domains:SSF48726||||||||||C:8.260e-06|C:0|C:0|C:0|C:0|C:0|C:0|C:0|C:0|||||||||266727|E_ExAC,C|missense_variant|MODERATE|MDGA1|ENSG00000112139|Transcript|ENST00000434837|protein_coding|3/17||ENST00000434837.6:c.301A>G|ENSP00000402584.2:p.Thr101Ala|1480/10736|301/2868|101/955|T/A|Acg/Gcg|rs760270151|1||-1||1|SNV|1|HGNC|HGNC:19267|YES|1||CCDS47417.1|ENSP00000402584|Q8NFP4||UPI0000071D28|NM_153487.3||tolerated(0.88)|benign(0.185)|Pfam_domain:PF07679&PROSITE_profiles:PS50835&SMART_domains:SM00409&SMART_domains:SM00408&Superfamily_domains:SSF48726||||||||||C:8.260e-06|C:0|C:0|C:0|C:0|C:0|C:0|C:0|C:0|||||||||266727|E_ExAC""",ENSG00000112139,MDGA1,ENSG00000112139,MDGA1,MAM domain containing glycosylphosphatidylinositol anchor 1,Q8NFP4,ENSG00000112139,NP_705691.1,,,,,,,
case-02,chr7,27147544,rs368790713,C,T,.,PASS,"""ACGTNacgtnMINUS=2,154,0,59,0,0,49,0,30,0;ACGTNacgtnPLUS=0,104,0,42,0,0,49,0,23,0;DB;ECNT=1;HCNT=4;MAX_ED=.;MIN_ED=.;NLOD=113.64;TLOD=388.81;CSQ=T|intron_variant&non_coding_transcript_variant|MODIFIER|HOXA3|ENSG00000105997|Transcript|ENST00000518451|processed_transcript||1/2|ENST00000518451.1:n.294+4744G>A||-/541|||||rs368790713|1||-1|||SNV|1|HGNC|HGNC:5104||4||||||||||||||||||||||||||||||||||||||3200|,T|intron_variant&non_coding_transcript_variant|MODIFIER|HOXA-AS3|ENSG00000254369|Transcript|ENST00000518848|antisense||1/2|ENST00000518848.4:n.173-4031C>T||-/562|||||rs368790713|1||1|||SNV|1|HGNC|HGNC:43748||4||||||||||||||||||||||||||||||||||||||100133311|,T|upstream_gene_variant|MODIFIER|HOXA-AS3|ENSG00000254369|Transcript|ENST00000524304|antisense|||||-/2063|||||rs368790713|1|2508|1|||SNV|1|HGNC|HGNC:43748||2||||||||||||||||||||||||||||||||||||||100133311|,T|intron_variant&non_coding_transcript_variant|MODIFIER|RP1-170O19.22|ENSG00000273433|Transcript|ENST00000467897|processed_transcript||1/2|ENST00000467897.2:n.274+4744G>A||-/919|||||rs368790713|1||-1|||SNV|1|Clone_based_vega_gene||YES|5|||||||||||||||||||||||||||||||||||||||,T|upstream_gene_variant|MODIFIER|HOXA5|ENSG00000106004|Transcript|ENST00000520854|processed_transcript|||||-/329|||||rs368790713|1|4769|-1|||SNV|1|HGNC|HGNC:5106||3||||||||||||||||||||||||||||||||||||||3202|,T|upstream_gene_variant|MODIFIER|HOXA5|ENSG00000106004|Transcript|ENST00000222726|protein_coding|||||-/1657|-/813|-/270|||rs368790713|1|3876|-1|||SNV|1|HGNC|HGNC:5106|YES|1||CCDS5406.1|ENSP00000222726|P20719||UPI000006CEBE|NM_019102.3|||||||||||||||||||||||||||||||3202|,T|intron_variant&non_coding_transcript_variant|MODIFIER|HOXA-AS3|ENSG00000254369|Transcript|ENST00000518947|antisense||1/2|ENST00000518947.5:n.250+132C>T||-/3992|||||rs368790713|1||1|||SNV|1|HGNC|HGNC:43748|YES|2||||||||||||||||||||||||||||||||||||||100133311|,T|intron_variant&non_coding_transcript_variant|MODIFIER|HOXA-AS3|ENSG00000254369|Transcript|ENST00000521197|antisense||1/2|ENST00000521197.4:n.177-4031C>T||-/687|||||rs368790713|1||1|||SNV|1|HGNC|HGNC:43748||4||||||||||||||||||||||||||||||||||||||100133311|,T|non_coding_transcript_exon_variant&non_coding_transcript_variant|MODIFIER|HOXA6|ENSG00000106006|Transcript|ENST00000521478|processed_transcript|2/3||ENST00000521478.1:n.322G>A||322/814|||||rs368790713|1||-1|||SNV|1|HGNC|HGNC:5107||3||||||||||||||||||||||||||||||||||||||3203|,T|intron_variant&non_coding_transcript_variant|MODIFIER|RP1-170O19.23|ENSG00000272801|Transcript|ENST00000498652|processed_transcript||1/1|ENST00000498652.1:n.312-122G>A||-/368|||||rs368790713|1||-1|||SNV|1|Clone_based_vega_gene||YES|1|||||||||||||||||||||||||||||||||||||||,T|missense_variant|MODERATE|HOXA6|ENSG00000106006|Transcript|ENST00000222728|protein_coding|1/2||ENST00000222728.3:c.206G>A|ENSP00000222728.3:p.Arg69Gln|231/989|206/702|69/233|R/Q|cGg/cAg|rs368790713|1||-1||1|SNV|1|HGNC|HGNC:5107|YES|1||CCDS5407.1|ENSP00000222728|P31267||UPI000012CF32|NM_024014.3||tolerated(0.1)|possibly_damaging(0.885)||||||||||||||||||||||||||||3203|,T|non_coding_transcript_exon_variant&non_coding_transcript_variant|MODIFIER|HOXA-AS3|ENSG00000254369|Transcript|ENST00000521231|antisense|1/3||ENST00000521231.1:n.62C>T||62/621|||||rs368790713|1||1|||SNV|1|HGNC|HGNC:43748||2||||||||||||||||||||||||||||||||||||||100133311|""",ENSG00000105997,HOXA3,ENSG00000105997,HOXA3,homeobox A3,O43365,ENSG00000105997,NP_109377.1,,,,,,,
case-02,chr8,81758509,.,G,A,.,alt_allele_in_normal,"""ACGTNacgtnMINUS=10,0,71,0,0,8,0,38,0,0;ACGTNacgtnPLUS=9,0,56,0,0,10,0,42,0,0;ECNT=1;HCNT=8;MAX_ED=.;MIN_ED=.;NLOD=51.58;TLOD=77.55;CSQ=A|missense_variant|MODERATE|CHMP4C|ENSG00000164695|Transcript|ENST00000297265|protein_coding|5/5||ENST00000297265.4:c.667G>A|ENSP00000297265.4:p.Asp223Asn|860/1866|667/702|223/233|D/N|Gat/Aat||1||1||1|SNV|1|HGNC|HGNC:30599|YES|1||CCDS6233.1|ENSP00000297265|Q96CF2||UPI000005032A|NM_152284.3||deleterious(0.02)|possibly_damaging(0.548)||||||||||||||||||||||||||||92421|""",ENSG00000164695,CHMP4C,ENSG00000164695,CHMP4C,charged multivesicular body protein 4C,Q96CF2,ENSG00000164695,NP_689497.1,,,,,,,
case-02,chr9,33463386,.,C,T,.,PASS,"""ACGTNacgtnMINUS=0,19,0,14,0,0,57,1,26,0;ACGTNacgtnPLUS=0,8,0,12,0,0,44,0,29,0;ECNT=1;HCNT=4;MAX_ED=.;MIN_ED=.;NLOD=40.16;TLOD=233.68;CSQ=T|missense_variant|MODERATE|NOL6|ENSG00000165271|Transcript|ENST00000297990|protein_coding|24/26||ENST00000297990.7:c.3050G>A|ENSP00000297990.4:p.Arg1017His|3138/4741|3050/3441|1017/1146|R/H|cGc/cAc||1||-1||1|SNV|1|HGNC|HGNC:19910|YES|1||CCDS6543.1|ENSP00000297990|Q9H6R4||UPI0000050326|NM_022917.4||tolerated(0.08)|benign(0.211)|Pfam_domain:PF03813|||||||||||||||||||||||||||65083|,T|intron_variant|MODIFIER|NOL6|ENSG00000165271|Transcript|ENST00000353159|protein_coding||15/15|ENST00000353159.5:c.1951-573G>A||-/3411|-/2100|-/699||||1||-1|||SNV|1|HGNC|HGNC:19910||1||CCDS6544.1|ENSP00000313978|Q9H6R4||UPI00001417A9|NM_139235.3|||||||||||||||||||||||||||||||65083|,T|intron_variant|MODIFIER|NOL6|ENSG00000165271|Transcript|ENST00000379471|protein_coding||23/23|ENST00000379471.3:c.2994+445G>A||-/3843|-/3025|-/1008||||1||-1|||SNV|1|HGNC|HGNC:19910||5|||ENSP00000368784||A0A0A0MRW6|UPI0004620C3F||||||||||||||||||||||||||||||||65083|,T|intron_variant&non_coding_transcript_variant|MODIFIER|NOL6|ENSG00000165271|Transcript|ENST00000464829|processed_transcript||6/6|ENST00000464829.4:n.1681-1124G>A||-/1829||||||1||-1|||SNV|1|HGNC|HGNC:19910||2||||||||||||||||||||||||||||||||||||||65083|,T|downstream_gene_variant|MODIFIER|MIR6851|ENSG00000275651|Transcript|ENST00000617060|miRNA|||||-/67||||||1|4483|-1|||SNV|1|HGNC|HGNC:50083|YES|||||||||||||||||||||||||||||||||||||||102465512|,T|missense_variant|MODERATE|NOL6|ENSG00000165271|Transcript|ENST00000379470|protein_coding|4/6||ENST00000379470.4:c.212G>A|ENSP00000368783.1:p.Arg71His|587/2190|212/603|71/200|R/H|cGc/cAc||1||-1|||SNV|1|HGNC|HGNC:19910||2|||ENSP00000368783|||UPI000006F848|||deleterious(0.01)|benign(0.211)|Pfam_domain:PF03813|||||||||||||||||||||||||||65083|""",ENSG00000165271,NOL6,ENSG00000165271,NOL6,nucleolar protein 6,Q9H6R4,ENSG00000165271,NP_075068.2,,,,,,,
case-02,chr10,125803108,.,TTGGAGTCAGCCAGTCCTAG,T,.,PASS,"""ECNT=1;HCNT=4;MAX_ED=.;MIN_ED=.;NLOD=17.39;TLOD=23.40;CSQ=-|intron_variant|MODIFIER|UROS|ENSG00000188690|Transcript|ENST00000368778|protein_coding||6/6|ENST00000368778.6:c.395-103_395-85delCTAGGACTGGCTGACTCCA||-/1556|-/420|-/139||||1||-1|||deletion|1|HGNC|HGNC:12592||2|||ENSP00000357767||Q5T3L8|||||||||||||||||||||||||||||||||7390|,-|upstream_gene_variant|MODIFIER|UROS|ENSG00000188690|Transcript|ENST00000622016|protein_coding|||||-/563|-/369|-/122||||1|4990|-1|cds_start_NF||deletion|1|HGNC|HGNC:12592||5|||ENSP00000483041||A0A087X021|UPI0004620DD3||||||||||||||||||||||||||||||||7390|,-|intron_variant|MODIFIER|UROS|ENSG00000188690|Transcript|ENST00000420761|protein_coding||5/7|ENST00000420761.4:c.310+4286_310+4304delCTAGGACTGGCTGACTCCA||-/802|-/556|-/185||||1||-1|cds_end_NF||deletion|1|HGNC|HGNC:12592||5|||ENSP00000414833||Q5T3L9|||||||||||||||||||||||||||||||||7390|,-|intron_variant|MODIFIER|UROS|ENSG00000188690|Transcript|ENST00000462490|protein_coding||1/4|ENST00000462490.4:c.53+4286_53+4304delCTAGGACTGGCTGACTCCA||-/3188|-/333|-/110||||1||-1|cds_start_NF||deletion|1|HGNC|HGNC:12592||5|||ENSP00000478957||A0A087WUV7|UPI0004620B05||||||||||||||||||||||||||||||||7390|,-|intron_variant|MODIFIER|UROS|ENSG00000188690|Transcript|ENST00000368797|protein_coding||6/9|ENST00000368797.7:c.394+4286_394+4304delCTAGGACTGGCTGACTCCA||-/1313|-/798|-/265||||1||-1||1|deletion|1|HGNC|HGNC:12592|YES|1||CCDS7648.1|ENSP00000357787|P10746|||NM_000375.2|||||||||||||||||||||||||||||||7390|,-|downstream_gene_variant|MODIFIER|UROS|ENSG00000188690|Transcript|ENST00000368774|protein_coding|||||-/744|-/402|-/133||||1|4023|-1|||deletion|1|HGNC|HGNC:12592||2|||ENSP00000357763||Q5T3L7|UPI000046FFD3||||||||||||||||||||||||||||||||7390|,-|intron_variant|MODIFIER|UROS|ENSG00000188690|Transcript|ENST00000368786|protein_coding||5/8|ENST00000368786.4:c.394+4286_394+4304delCTAGGACTGGCTGACTCCA||-/1216|-/798|-/265||||1||-1|||deletion|1|HGNC|HGNC:12592||1||CCDS7648.1|ENSP00000357775|P10746||||||||||||||||||||||||||||||||||7390|""",ENSG00000188690,UROS,ENSG00000188690,UROS,uroporphyrinogen III synthase,P10746,ENSG00000188690,NP_000366.1,,,,,,,
case-02,chrX,5903305,.,T,A,.,PASS,"""ACGTNacgtnMINUS=10,0,0,79,0,23,0,0,125,0;ACGTNacgtnPLUS=9,0,0,81,0,17,0,0,114,0;ECNT=1;HCNT=2;MAX_ED=.;MIN_ED=.;NLOD=150.65;TLOD=96.20;CSQ=A|missense_variant|MODERATE|NLGN4X|ENSG00000146938|Transcript|ENST00000381092|protein_coding|6/7||ENST00000381092.1:c.1373A>T|ENSP00000370482.1:p.Asp458Val|2060/3750|1373/2451|458/816|D/V|gAc/gTc||1||-1|||SNV|1|HGNC|HGNC:14287||2||CCDS14126.1|ENSP00000370482|Q8N0W4|A0A024RBV0|UPI0000072EC5|||tolerated(0.06)|probably_damaging(0.999)|Pfam_domain:PF00135&Superfamily_domains:SSF53474|||||||||||||||||||||||||||57502|,A|missense_variant|MODERATE|NLGN4X|ENSG00000146938|Transcript|ENST00000381093|protein_coding|5/6||ENST00000381093.5:c.1373A>T|ENSP00000370483.3:p.Asp458Val|2002/5865|1373/2451|458/816|D/V|gAc/gTc||1||-1|||SNV|1|HGNC|HGNC:14287||2||CCDS14126.1|ENSP00000370483|Q8N0W4|A0A024RBV0|UPI0000072EC5|NM_001282146.1||tolerated(0.06)|probably_damaging(0.999)|Pfam_domain:PF00135&Superfamily_domains:SSF53474|||||||||||||||||||||||||||57502|,A|missense_variant|MODERATE|NLGN4X|ENSG00000146938|Transcript|ENST00000381095|protein_coding|5/6||ENST00000381095.6:c.1373A>T|ENSP00000370485.3:p.Asp458Val|2001/5870|1373/2451|458/816|D/V|gAc/gTc||1||-1||1|SNV|1|HGNC|HGNC:14287|YES|1||CCDS14126.1|ENSP00000370485|Q8N0W4|A0A024RBV0|UPI0000072EC5|NM_181332.2&NM_001282145.1||tolerated(0.06)|probably_damaging(0.999)|Pfam_domain:PF00135&Superfamily_domains:SSF53474|||||||||||||||||||||||||||57502|,A|missense_variant|MODERATE|NLGN4X|ENSG00000146938|Transcript|ENST00000275857|protein_coding|5/6||ENST00000275857.9:c.1373A>T|ENSP00000275857.6:p.Asp458Val|1837/5454|1373/2451|458/816|D/V|gAc/gTc||1||-1|||SNV|1|HGNC|HGNC:14287||1||CCDS14126.1|ENSP00000275857|Q8N0W4|A0A024RBV0|UPI0000072EC5|NM_020742.3||tolerated(0.06)|probably_damaging(0.999)|Pfam_domain:PF00135&Superfamily_domains:SSF53474|||||||||||||||||||||||||||57502|,A|missense_variant|MODERATE|NLGN4X|ENSG00000146938|Transcript|ENST00000538097|protein_coding|5/6||ENST00000538097.4:c.1376A>T|ENSP00000439203.2:p.Asp459Val|1425/3116|1376/2454|459/817|D/V|gAc/gTc||1||-1|||SNV|1|HGNC|HGNC:14287||1|||ENSP00000439203||A0A0A0MTH0|UPI000274304C|||tolerated(0.07)|probably_damaging(0.998)|Pfam_domain:PF00135&Superfamily_domains:SSF53474|||||||||||||||||||||||||||57502|,A|non_coding_transcript_exon_variant&non_coding_transcript_variant|MODIFIER|NLGN4X|ENSG00000146938|Transcript|ENST00000477079|processed_transcript|1/3||ENST00000477079.1:n.49A>T||49/600||||||1||-1|||SNV|1|HGNC|HGNC:14287||2||||||||||||||||||||||||||||||||||||||57502|""",ENSG00000146938,NLGN4X,ENSG00000146938,NLGN4X,neuroligin 4 X-linked,Q8N0W4,ENSG00000146938,NP_001269074.1,,,,,,,
